regime_name	fold	model_name	train_rows	test_rows	test_drugs	test_cell_lines	mae	rmse	mse	pearson_r	spearman_r	r_squared
cell_line_holdout	0	ols	270470	67291	403	198	0.4749883610038169	0.6250793507736647	0.39072419476362613	0.8419690828203215	0.8042419079940761	0.7061311158010783
cell_line_holdout	1	ols	271333	66428	403	197	0.4845146966261709	0.6384553814326701	0.4076252740803362	0.8331752140501552	0.7950858641503672	0.6903162193145309
cell_line_holdout	2	ols	269974	67787	403	197	0.4820819274296889	0.6347812825911765	0.4029472767280991	0.8368889073896014	0.7982882153405364	0.6982387872200827
cell_line_holdout	3	ols	268881	68880	403	197	0.460775694185804	0.6051936360301257	0.36625933709136427	0.8505515476754306	0.8137167265615562	0.721863730563652
cell_line_holdout	4	ols	270386	67375	403	197	0.4827475392641455	0.6322979139204046	0.39980065194809533	0.8371763769503209	0.7983548564902142	0.697698378189698
