{
  "runner_name": "legacy_pic50_leakage_safe_runner",
  "run_timestamp_utc": "2026-04-11T21:56:17.274054+00:00",
  "models": [
    "ols"
  ],
  "rows_used": 337761,
  "regimes": [
    {
      "regime_name": "pair_random",
      "model_name": "ols",
      "folds": 5,
      "mean_mae": 0.4055853953054376,
      "mean_rmse": 0.5428170772337323,
      "mean_pearson_r": 0.8817595005881772,
      "mean_spearman_r": 0.8564472614964256,
      "mean_r_squared": 0.7774841988943386,
      "total_test_rows": 337761
    }
  ]
}