mae	mse	rmse	spearman_r	pearson_r	r_squared
0.6548279631114848	0.6991376464048678	0.8361445128713504	0.6272654831115683	0.7556227167910132	0.26325317726173836
