regime_name	fold	model_name	train_rows	test_rows	test_drugs	test_cell_lines	mae	rmse	mse	pearson_r	spearman_r	r_squared
compound_holdout	0	ridge	268006	69755	81	985	0.9936462900323344	1.2574332790687484	1.581138451309585	0.3563430561511198	0.28079742115307943	-0.19140566077233978
compound_holdout	1	ridge	269958	67803	81	985	0.8847761289503877	1.1714227365816046	1.3722312277803355	0.34534568123904424	0.3535488809806768	-0.06861683818878861
compound_holdout	2	ridge	270150	67611	81	985	0.8792964439374004	1.1163745585006373	1.2462921548674928	0.5260054856323206	0.5139630194972883	0.20942919838763063
compound_holdout	3	ridge	271912	65849	80	986	0.8209818014571126	1.0246078932303606	1.0498213348699579	0.43387650610918577	0.39955535161459355	-0.13115318899740713
compound_holdout	4	ridge	271018	66743	80	986	0.9397457574060561	1.1918112843637194	1.4204141375366985	0.3960277211637174	0.34107628255642825	0.005129327673760731
