{
  "runner_name": "legacy_pic50_leakage_safe_runner",
  "run_timestamp_utc": "2026-04-04T00:00:13.129415+00:00",
  "models": [
    "ridge"
  ],
  "rows_used": 337761,
  "regimes": [
    {
      "regime_name": "compound_holdout",
      "model_name": "ridge",
      "folds": 5,
      "mean_mae": 0.9036892843566582,
      "mean_rmse": 1.152329950349014,
      "mean_pearson_r": 0.4115196900590775,
      "mean_spearman_r": 0.37778819116041323,
      "mean_r_squared": -0.03532343237942883,
      "total_test_rows": 337761
    }
  ]
}