regime_name	model_name	folds	mean_mae	mean_rmse	mean_pearson_r	mean_spearman_r	mean_r_squared	total_test_rows
pair_random	ols	5	0.4055853953054376	0.5428170772337323	0.8817595005881772	0.8564472614964256	0.7774841988943386	337761
cell_line_holdout	ols	5	0.4770216437019252	0.6271615129496083	0.8399522257771659	0.8019375141073499	0.7028496462178084	337761
compound_holdout	ols	5	0.9037550303669072	1.1524171555859062	0.411480603490071	0.3777557802598037	-0.0354828085515418	337761
double_cold_start	ols	5	0.9364149444966376	1.1925212072894849	0.3680354383354883	0.331770183274784	-0.1095294879867911	67675
pair_random	ridge	5	0.4055887372849586	0.5428168516784087	0.8817595074639841	0.8564460189045221	0.777484383625703	337761
cell_line_holdout	ridge	5	0.4766890496008896	0.6267295241463241	0.840161171684362	0.8021802856476594	0.7032614312878644	337761
compound_holdout	ridge	5	0.9036892843566582	1.152329950349014	0.4115196900590775	0.3777881911604132	-0.0353234323794288	337761
double_cold_start	ridge	5	0.9362783503666812	1.192348829902432	0.3682133169760528	0.3319323201580236	-0.1093096332867861	67675
