regime_name	model_name	folds	mean_mae	mean_rmse	mean_pearson_r	mean_spearman_r	mean_r_squared	total_test_rows
pair_random	ols	5	0.4055853953054376	0.5428170772337323	0.8817595005881772	0.8564472614964256	0.7774841988943386	337761
pair_random	ridge	5	0.4055887372849586	0.5428168516784087	0.8817595074639841	0.8564460189045221	0.777484383625703	337761
cell_line_holdout	ridge	5	0.4766890496008896	0.6267295241463241	0.840161171684362	0.8021802856476594	0.7032614312878644	337761
compound_holdout	ridge	5	0.9036892843566582	1.152329950349014	0.4115196900590775	0.3777881911604132	-0.0353234323794288	337761
double_cold_start	ridge	5	0.9362783503666812	1.192348829902432	0.3682133169760528	0.3319323201580236	-0.1093096332867861	67675
