regime_name	fold	model_name	train_rows	test_rows	test_drugs	test_cell_lines	mae	rmse	mse	pearson_r	spearman_r	r_squared
compound_holdout	0	ols	268006	69755	81	985	0.9936907515419655	1.257523992395135	1.5813665914493995	0.3563245148667567	0.2807922865636801	-0.191577566941467
compound_holdout	1	ols	269958	67803	81	985	0.8848681109807639	1.1715438610232625	1.372515018301293	0.34526356759577553	0.35349194861594246	-0.0688378383548498
compound_holdout	2	ols	270150	67611	81	985	0.8793493774196338	1.1164323728055925	1.2464212430483252	0.5259794094788949	0.5139328528707857	0.20934731281513397
compound_holdout	3	ols	271912	65849	80	986	0.8210406709432758	1.0246901893992595	1.0499899842510902	0.43384011654461774	0.3995227740271191	-0.13133490399876413
compound_holdout	4	ols	271018	66743	80	986	0.939826240948897	1.191895362306281	1.4206145546872206	0.3959954089643103	0.3410390392214911	0.00498895372223751
