{
  "runner_name": "legacy_pic50_leakage_safe_runner",
  "run_timestamp_utc": "2026-04-12T01:02:07.956585+00:00",
  "models": [
    "ols"
  ],
  "rows_used": 337761,
  "regimes": [
    {
      "regime_name": "compound_holdout",
      "model_name": "ols",
      "folds": 5,
      "mean_mae": 0.9037550303669072,
      "mean_rmse": 1.1524171555859062,
      "mean_pearson_r": 0.41148060349007104,
      "mean_spearman_r": 0.3777557802598037,
      "mean_r_squared": -0.035482808551541886,
      "total_test_rows": 337761
    }
  ]
}