regime_name	model_name	folds	mean_mae	mean_rmse	mean_pearson_r	mean_spearman_r	mean_r_squared	total_test_rows
compound_holdout	ols	5	0.9037550303669072	1.1524171555859062	0.41148060349007104	0.3777557802598037	-0.035482808551541886	337761
