regime_name	fold	model_name	train_rows	test_rows	test_drugs	test_cell_lines	mae	rmse	mse	pearson_r	spearman_r	r_squared
cell_line_holdout	0	ridge	270470	67291	403	198	0.4739168819870798	0.6238981498596825	0.3892489013983349	0.8425395827197513	0.8050290812185245	0.7072407036406195
cell_line_holdout	1	ridge	271333	66428	403	197	0.48471031378513074	0.6386505719693759	0.407874553076811	0.8330350345909181	0.7947883390099227	0.6901268354196095
cell_line_holdout	2	ridge	269974	67787	403	197	0.4815547648845198	0.6342309591684561	0.40224890956773984	0.8371818331401482	0.7986358804191825	0.6987617839828029
cell_line_holdout	3	ridge	268881	68880	403	197	0.46152622772462437	0.6057532342588036	0.3669369808150009	0.8502518071851509	0.8132440306087648	0.7213491299017385
cell_line_holdout	4	ridge	270386	67375	403	197	0.48173705962309316	0.6311147054753025	0.39830577146717777	0.8377976007858418	0.7992040969819028	0.6988287034945517
