{
  "runner_name": "legacy_pic50_leakage_safe_runner",
  "run_timestamp_utc": "2026-04-04T01:39:37.531057+00:00",
  "models": [
    "ridge"
  ],
  "rows_used": 337761,
  "regimes": [
    {
      "regime_name": "cell_line_holdout",
      "model_name": "ridge",
      "folds": 5,
      "mean_mae": 0.47668904960088965,
      "mean_rmse": 0.6267295241463241,
      "mean_pearson_r": 0.840161171684362,
      "mean_spearman_r": 0.8021802856476594,
      "mean_r_squared": 0.7032614312878644,
      "total_test_rows": 337761
    }
  ]
}